{"train_time_sec":541.1766707897186,"gpu_1_memory_used_MB":25627,"gpu_1_utilization_percent":83,"gpu_0_temperature_C":86,"_timestamp":1.732345506640374e+09,"gpu_0_utilization_percent":97,"train_loss":2.367189826775546,"_step":3,"gpu_1_temperature_C":87,"gpu_1_name":"NVIDIA RTX A6000","gpu_0_memory_free_MB":23497,"val_avg_class_IoU_zeroshot":0.033394852068421216,"epoch_progress":0.005,"_wandb":{"runtime":586},"gpu_0_memory_total_MB":49140,"gpu_0_memory_used_MB":25642,"gpu_0_name":"NVIDIA RTX A6000","epoch":1,"val_avg_class_IoU":0.089417421814182,"gpu_1_memory_free_MB":23512,"gpu_1_memory_total_MB":49140,"_runtime":586.333458213}