{"_timestamp":1.7323445857909446e+09,"_runtime":539.602382595,"_step":1,"epoch_progress":0.005,"_wandb":{"runtime":539},"epoch":0,"train_loss":2.283818552743143,"train_time_sec":538.8297102451324}