{"gpu_0_name":"NVIDIA RTX A6000","_step":1199,"gpu_0_memory_total_MB":49140,"train_time_sec":535.698157787323,"_wandb":{"runtime":116304},"_runtime":116304.107654233,"epoch":200,"gpu_1_name":"NVIDIA RTX A6000","gpu_0_utilization_percent":0,"gpu_1_temperature_C":85,"val_avg_class_IoU":0.39079371147412784,"gpu_1_memory_total_MB":49140,"_timestamp":1.732462703905431e+09,"gpu_1_memory_used_MB":25627,"val_avg_class_IoU_zeroshot":0.11194991147788146,"gpu_0_temperature_C":53,"epoch_progress":1,"gpu_1_memory_free_MB":23512,"train_loss":0.7239465701046275,"gpu_1_utilization_percent":87,"gpu_0_memory_used_MB":600,"gpu_0_memory_free_MB":48539}